Speed Up|Battle speed will be doubled|Tap the item while in battle|to toggle it on or off.|＠|Treasure Radar|100% Chance of Treasure.|Get a Superior Treasure or the|standard reward upon victory.|＠|
Rich Cat|Your Worker Cat will start|the battle at MAX Level|＠| |
Cat CPU|Cat CPU will control your base|and fight for you. Don't expect much.|＠| |
Cat Jobs|Receive 1.5 times more experience|than usual upon stage clear.|＠| |
Sniper the Cat|Cat sniper provides cover fire and|pushes back enemies. Attack power is|proportional to your Cat Base's health.|＠|
XP|Purchase XP to power up your Cat Units!|＠| | |
dummy|＠| | | |
dummy|＠| | | |
dummy|＠| | | |
5000 XP|＠| | | |10000 XP|＠| | | |
30000 XP|＠| | | |
50000 XP|＠| | | |
100000 XP|＠| | | |
200000 XP|＠| | | |
500000 XP|＠| | | |
1000000 XP|＠| | | |
2000000 XP|＠| | | |
dummy|＠| | | |
Cat Ticket|＠| | | |Rare Ticket|＠| | | |
Cat Food|Used to purchase Items, XP and other goods.|＠| | |
Lucky Ticket|＠| | | |
 |＠| | | |
 |＠| | | |
Lucky Ticket|＠| | | |
dummy|＠| | | |
dummy|＠| | | |
Platinum Ticket|＠| | | |
Purple Catfruit Seed|The seed of a mystical fruit that helps|certain Cats realize their True potential.|＠| |Red Catfruit Seed|The seed of a mystical fruit that helps|certain Cats realize their True potential.|＠| |
Blue Catfruit Seed|The seed of a mystical fruit that helps|certain Cats realize their True potential.|＠| |
Green Catfruit Seed|The seed of a mystical fruit that helps|certain Cats realize their True potential.|＠| |
Yellow Catfruit Seed|The seed of a mystical fruit that helps|certain Cats realize their True potential.|＠| |
Purple Catfruit|A mystical fruit that helps certain|Cats realize their True potential.|＠| |
Red Catfruit|A mystical fruit that helps certain|Cats realize their True potential.|＠| |
Blue Catfruit|A mystical fruit that helps certain|Cats realize their True potential.|＠| |
Green Catfruit|A mystical fruit that helps certain|Cats realize their True potential.|＠| |
Yellow Catfruit|A mystical fruit that helps certain|Cats realize their True potential.|＠| |
Epic Catfruit|A mystical fruit that helps certain|Cats realize their True potential.|＠| | |＠| | | |
 |＠| | | |
 |＠| | | |
 |＠| | | |
 |＠| | | |
 |＠| | | |
 |＠| | | |
 |＠| | | |
 |＠| | | |
Catseye [Special]|Raise level cap for one Special Cat.|※Usable on Level 30 Cat Units.|＠| |Catseye [Rare]|Raise level cap for one Rare Cat.|※Usable on Level 30 Cat Units.|＠| |
Catseye [Super Rare]|Raise level cap for one Super Rare Cat.|※Usable on Level 30 Cat Units.|＠| |
Catseye [Uber Rare]|Raise level cap for one Uber Rare Cat.|※Usable on Level 30 Cat Units.|＠| |
Catseye [DUMMY]|＠| | | |
Catamin [A]|GAMATOTO Expedition length|will be shortened by 1 hour.|＠| |
Catamin [B]|GAMATOTO Expedition length|will be shortened by 3 hours.|＠| |
Catamin [C]|GAMATOTO Expedition length|will be shortened by 6 hours.|＠| |
 |＠| | | |
 |＠| | | |
Cat Cannon Attack|Increases Cat Cannon attack power.|But also increases recharge time...| |＠|Cat Cannon Range|Increases Cat Cannon attack range.| | |＠|
Cat Cannon Charge|Decreases Cat Cannon recharge time.| | |＠|
Worker Cat Rate|Increases the Worker Cat's efficiency,|increasing rate of income.| |＠|
Worker Cat Wallet|Increases the Worker Cat's wallet,|increasing the upper limit of income.| |＠|
Base Defense|Increases the health of the Cat Base.| | |＠|
Research|Increases Cat production speed.| | |＠|
Accountant|Increases the money earned|when defeating an enemy.| |＠|
Study|Increases the amount of XP|received when clearing a stage.| |＠|
Cat Energy|Increases the max limit of Cat Energy.|You require Cat Energy to continue fighting.| |＠|
Cat Ally: Dummy 1|＠| | | |Cat Ally: Dummy 2|＠| | | |
Cat Ally: Dummy 3|＠| | | |
Cat Ally: Dummy 4|＠| | | |
Cat Ally: Dummy 5|＠| | | |
Cat Ally: Dummy 6|＠| | | |
Cat Ally: Dummy 7|＠| | | |
Cat Ally: Dummy 8|＠| | | |
Cat Ally: Dummy 9|＠| | | |
Cat Ally: Dummy 10|＠| | | |
XP|Purchase XP to power up your Cat Units!|＠|＠|＠|XP|Purchase XP to power up your Cat Units!|＠|＠|＠|
XP|Purchase XP to power up your Cat Units!|＠|＠|＠|
XP|Purchase XP to power up your Cat Units!|＠|＠|＠|
XP|Purchase XP to power up your Cat Units!|＠|＠|＠|
